nama,unit
Aaron Murphy, IT
Brady Larson, Development
Carlos Medina, Security
Diana Wang, IT
Ethan Lee, Development
Fiona Matthews, Security
George Thomas, IT
Hannah Lopez, Development
Ian Garcia, Security
Julia Harris, IT
Kevin Hall, Development
Laura Mitchell, Security
Mason Clark, IT
Nina Scott, Development
Oscar King, Security
Paul Edwards, IT
Quinn Baker, Development
Rachel Young, Security
Steve Adams, IT
Tina Collins, Development
Ursula Brooks, Security
Victor Wright, IT
Willow Robinson, Development
Xander Green, Security
Yasmine Torres, IT
Zane Perez, Development
Ava Thompson, Security
Blake Stewart, IT
Chloe Moore, Development
Dylan Foster, Security
Eva Carter, IT
Franklin Kelly, Development
Grace Diaz, Security
Holly Cooper, IT
Isaiah Simmons, Development
Jackie Jenkins, Security
Kyle Rivera, IT
Lana Powell, Development
Megan Brooks, Security
Nathan Parker, IT
Olivia Peterson, Development
Paulina Wood, Security
Quincy Perry, IT
Rachel Reed, Development
Sammy Grant, Security
Timothy Bryant, IT
Ursula Ward, Development
Vera Stone, Security
Walter Hayes, IT
Xena Hill, Development
Yara Foster, Security
Zachary Turner, IT
Aaron Clark, Development
Bethany Powell, Security
Chris Green, IT
Diana Bailey, Development
Edward Nelson, Security
Faith Mitchell, IT
Gordon Walker, Development
Holly Adams, Security
Iris Torres, IT
Jake Collins, Development
Lance Ross, Security
Mary Hernandez, IT
Nadia Scott, Development
Oliver Foster, Security
Peter Baker, IT
Quinn Davis, Development
Rebecca Lewis, Security
Samuel Harris, IT
Tess Foster, Development
Uriah Wright, Security
Victor Allen, IT
Wendy Martinez, Development
Xander Moore, Security
Yvonne Howard, IT
Zoe Turner, Development
Abigail Bell, Security
Blake Jenkins, IT
Caitlyn Rogers, Development
Daniel Miller, Security
Ella Sanders, IT
Frank Richards, Development
Grace Young, Security
Henry Diaz, IT
Ivy Harris, Development
James Jackson, Security
Kevin Black, IT
Lena Cooper, Development
Mason Riley, Security
Nora Wright, IT
Owen Collins, Development
Paul Miller, Security
Quentin Young, IT
Riley Edwards, Development
Sophia Parker, Security
Troy Campbell, IT
Ursula Lewis, Development
Vance Taylor, Security
Warren Nelson, IT
Xander Taylor, Development
Yasmin Roberts, Security
Zane Evans, IT
Angela Knight, Development
Benjamin Scott, Security
Charlie Moore, IT
David Wilson, Development
Ella Murphy, Security
Finn Martin, IT
Grace Cooper, Development
Hannah Peterson, Security
Isaac Jackson, IT
Julia Moore, Development
Kevin Rogers, Security
Liam Thompson, IT
Mia Clark, Development
Noah Baker, Security
Olivia Hughes, IT
Paul Grant, Development
Quinn Johnson, Security
Rachel Carter, IT
Samuel Miller, Development
Tina Walker, Security
Ursula Parker, IT
Victor Foster, Development
Wendy Perez, Security
Xander Powell, IT
Yvonne Brooks, Development
Zachary Clark, Security
Angela Martinez, IT
Brandon Nelson, Development
Catherine Taylor, Security
Derek Hall, IT
Evelyn Collins, Development
Freddy Lee, Security
Gina James, IT
Hugh Roberts, Development
Ian Green, Security
Jack McDonald, IT
Kathy Richardson, Development
Liam Turner, Security
Megan Green, IT
Nolan Hughes, Development
Olivia Peterson, Security
Peter Adams, IT
Quinn Foster, Development
Rose King, Security
Steve Johnson, IT
Tessa Hayes, Development
Ursula Martin, Security
Vince Brooks, IT
Wendy Moore, Development
Xander Nelson, Security
Yara Torres, IT
Zane Scott, Development
Andrew King, Security
Brittany Howard, IT
Charles Peterson, Development
Daniel Lewis, Security
Eva Nelson, IT
Finn Rodriguez, Development
Grace Johnson, Security
Holly Mitchell, IT
Ivy Walker, Development
Jack Brooks, Security
Kurt Adams, IT
Lily Foster, Development
Mason Carter, Security
Natalie Moore, IT
Olivia Richardson, Development
Paul Davis, Security
Quincy Edwards, IT
Rebecca Thomas, Development
Steve Parker, Security
Tina Peterson, IT
Ursula Brown, Development
Victor Garcia, Security
Willow Green, IT
Xena Harris, Development
Yasmine Roberts, Security
Zara Thompson, IT
Aaron Kelly, Development
Blake Turner, Security
Catherine Martin, IT
Derek Hall, Development
Ella Miller, Security
Fiona Thompson, IT
Gabe Lewis, Development
Henry Anderson, Security
Iris Walker, IT
Jackie Hughes, Development
Kara Hill, Security
Liam Thomas, IT
Mia Lewis, Development
Nadia Peterson, Security
Owen Johnson, IT
Paulina Brooks, Development
Quincy Lee, Security
Rachel Ross, IT
Sophie Young, Development
Tina Adams, Security
Ursula Murphy, IT
Victor Scott, Development
Wendy Brown, Security
Xander Lee, IT
Yasmin Walker, Development
Zane Young, Security
Aaron Mitchell, IT
Blake Howard, Development
Caitlyn Turner, Security
Daniel King, IT
Eve Thomas, Development
Frank Walker, Security
Gabe Clark, IT
Holly Carter, Development
Ian Harris, Security
Julia Thompson, IT
Kurtis King, Development
Lena Green, Security
Megan Cooper, IT
Nolan Scott, Development
Oliver Young, Security
Paul Walker, IT
Quinn Taylor, Development
Rita Hill, Security
Sammy Edwards, IT
Tina Green, Development
Ursula King, Security
Victor Martin, IT
Wendy Lewis, Development
Xander Clark, Security
Yvonne Walker, IT
Zane Wright, Development
Aiden Peterson, Security
Brandy Turner, IT
Cameron Lewis, Development
Diana Moore, Security
Ella Harris, IT
Finn Walker, Development
Grace Lee, Security
Hugh Baker, IT
Isaac Turner, Development
Jackie White, Security
Kurtis Green, IT
Lana Cooper, Development
Mason Harris, Security
Nina Lewis, IT
Olivia Clark, Development
Paul Wright, Security
Quinn Davis, IT
Rachel Collins, Development
Sammy Thomas, Security
Tess White, IT
Ursula Turner, Development
Victor Garcia, Security
Willow Adams, IT
Xander Kelly, Development
Yasmin Young, Security
Zachary Davis, IT
Aaron Thomas, Development
Blake Harris, Security
Chloe Mitchell, IT
David White, Development
Ella Martin, Security
Fiona Cooper, IT
Gabe Carter, Development
Holly White, Security
Ian Lewis, IT
Jackie Moore, Development
Kevin Johnson, Security
Liam Harris, IT
Megan Thompson, Development
Nina King, Security
Oscar Davis, IT
Paul Turner, Development
Quinn Baker, Security
Rachel Scott, IT
Sophie Turner, Development
Tess White, Security
Ursula Martin, IT
Victor Davis, Development
Wendy Green, Security
Xander Powell, IT
Yasmin Carter, Development
Zane Green, Security
Aaron Walker, IT
Blake Adams, Development
Catherine White, Security
Daniel Green, IT
Ella Lee, Development
Fiona Thomas, Security
Gabe Walker, IT
Henry Green, Development
Iris Martin, Security
Jackie Ross, IT
Kara Harris, Development
Lena Carter, Security
Megan Powell, IT
Nathan Young, Development
Olivia White, Security
Peter Brown, IT
Quinn Walker, Development
Rita Scott, Security
Steve Green, IT
Tina Turner, Development
Ursula Peterson, Security
Victor Brown, IT
Willow White, Development
Xander Green, Security
Yasmin Turner, IT
Zane Adams, Development
Aaron Lewis, Security
Brandy Moore, IT
Charlie Thomas, Development
Diana King, Security
Eva Turner, IT
Finn Wright, Development
Grace Harris, Security
Hugh Thomas, IT
Isaac Walker, Development
Julia Davis, Security
Kevin Green, IT
Lena White, Development
Megan King, Security
Nathan White, IT
Olivia Wright, Development
Paul Clark, Security
Quincy Baker, IT
Rachel Lee, Development
Sammy Brown, Security
Tina Green, IT
Ursula King, Development
Victor White, Security
Willow Turner, IT
Xander Turner, Development
Yasmin Scott, Security
Zane Clark, IT
Aaron Green, Development
Blake Scott, Security
Caitlyn Martin, IT
Derek Green, Development
Ella Turner, Security
Fiona Baker, IT
Gabe Peterson, Development
Holly White, Security
Ian Harris, IT
Jackie Carter, Development
Kevin Walker, Security
Lena Harris, IT
Megan Scott, Development
Nina Green, Security
Oscar Walker, IT
Paul Turner, Development
Quinn White, Security
Rachel King, IT
Sammy Taylor, Development
Tina Peterson, Security
Ursula Green, IT
Victor Taylor, Development
Willow Carter, Security
Xander White, IT
Yasmin King, Development
Zane Walker, Security
Aaron Turner, IT
Blake White, Development
Caitlyn Harris, Security
David Green, IT
Ella Taylor, Development
Finn Scott, Security
Grace Harris, IT
Henry Turner, Development
Iris Green, Security
Jack Walker, IT
Kurt White, Development
Lena Harris, Security
Megan Green, IT
Nathan Walker, Development
Olivia Taylor, Security
Paul Harris, IT
Quincy Green, Development
Rachel White, Security
Sammy Turner, IT
Tina King, Development
Ursula Harris, Security
Victor White, IT
Willow Walker, Development
Xander Green, Security
Yasmin Taylor, IT
Zane Scott, Development
Aaron White, Security
Blake Harris, IT
Caitlyn Taylor, Development
Daniel Green, Security
Ella White, IT
Finn Taylor, Development
Grace Scott, Security
Henry Green, IT
Iris White, Development
Jack Harris, Security
Kurt Turner, IT
Lena White, Development
Megan King, Security
Nathan Taylor, IT
Olivia White, Development
Paul Walker, Security
Quincy Turner, IT
Rachel Green, Development
Sammy White, Security
Tina Turner, IT
Ursula Taylor, Development
Victor Harris, Security
Willow Green, IT
Xander White, Development
Yasmin Taylor, Security
Zane Turner, IT
Aaron Taylor, Development
Blake Green, Security
Caitlyn Walker, IT
David Harris, Development
Ella Green, Security
Finn White, IT
Grace Green, Development
Henry White, Security
Iris Taylor, IT
Jack White, Development
Kurt Harris, Security
Lena Green, IT
Megan White, Development
Nathan Green, Security
Olivia White, IT
Paul Green, Development
Quincy Harris, Security
Rachel White, IT
Sammy Green, Development
Tina White, Security
Ursula Taylor, IT
Victor White, Development
Willow Green, Security
Xander White, IT
Yasmin Green, Development
Zane White, Security
Aaron Green, IT
Blake White, Development
Caitlyn Green, Security
David White, IT
Ella Harris, Development
Finn Green, Security
Grace White, IT
Henry Green, Development
Iris White, Security
Jack Green, IT
Kurt White, Development
Lena Green, Security
Megan White, IT
Nathan Green, Development
Olivia White, Security
Paul Green, IT
Quincy White, Development
Rachel Green, Security
Sammy White, IT
Tina Green, Development
Ursula White, Security
Victor Green, IT
Willow White, Development
Xander Green, Security
Yasmin White, IT
Zane Green, Development
Aaron White, Security
Blake Green, IT
Caitlyn White, Development
David Green, Security
Ella White, IT
Finn White, Development
Grace Green, Security
Henry White, IT
Iris White, Development
Jack Green, Security
Kurt White, IT
Lena Green, Development
Megan White, Security
Nathan Green, IT
Olivia White, Development
Paul Green, Security
Quincy White, IT
Rachel Green, Development
Sammy White, Security
Tina Green, IT
Ursula White, Development
Victor Green, Security
Willow White, IT
Xander Green, Development
Yasmin White, Security
Zane Green, IT
Aaron White, Development
Blake Green, Security
Caitlyn White, IT
David Green, Development
Ella White, Security
Finn Green, IT
Grace White, Development
